fig,time_start,time_end
LEAPFROG_0000000.INU.png,2100/1/1 12:00,2100/1/1 12:01
LEAPFROG_0000600.INU.png,2100/1/1 12:01,2100/1/1 12:02
LEAPFROG_0001200.INU.png,2100/1/1 12:02,2100/1/1 12:03
LEAPFROG_0001800.INU.png,2100/1/1 12:03,2100/1/1 12:04
LEAPFROG_0002400.INU.png,2100/1/1 12:04,2100/1/1 12:05
LEAPFROG_0003000.INU.png,2100/1/1 12:05,2100/1/1 12:06
LEAPFROG_0003600.INU.png,2100/1/1 12:06,2100/1/1 12:07
LEAPFROG_0004200.INU.png,2100/1/1 12:07,2100/1/1 12:08
LEAPFROG_0004800.INU.png,2100/1/1 12:08,2100/1/1 12:09
LEAPFROG_0005400.INU.png,2100/1/1 12:09,2100/1/1 12:10
LEAPFROG_0006000.INU.png,2100/1/1 12:10,2100/1/1 12:11
LEAPFROG_0006600.INU.png,2100/1/1 12:11,2100/1/1 12:12
LEAPFROG_0007200.INU.png,2100/1/1 12:12,2100/1/1 12:13
LEAPFROG_0007800.INU.png,2100/1/1 12:13,2100/1/1 12:14
LEAPFROG_0008400.INU.png,2100/1/1 12:14,2100/1/1 12:15
LEAPFROG_0009000.INU.png,2100/1/1 12:15,2100/1/1 12:16
LEAPFROG_0009600.INU.png,2100/1/1 12:16,2100/1/1 12:17
LEAPFROG_0010200.INU.png,2100/1/1 12:17,2100/1/1 12:18
LEAPFROG_0010800.INU.png,2100/1/1 12:18,2100/1/1 12:19
LEAPFROG_0011400.INU.png,2100/1/1 12:19,2100/1/1 12:20
LEAPFROG_0012000.INU.png,2100/1/1 12:20,2100/1/1 12:21
LEAPFROG_0012600.INU.png,2100/1/1 12:21,2100/1/1 12:22
LEAPFROG_0013200.INU.png,2100/1/1 12:22,2100/1/1 12:23
LEAPFROG_0013800.INU.png,2100/1/1 12:23,2100/1/1 12:24
LEAPFROG_0014400.INU.png,2100/1/1 12:24,2100/1/1 12:25
LEAPFROG_0015000.INU.png,2100/1/1 12:25,2100/1/1 12:26
LEAPFROG_0015600.INU.png,2100/1/1 12:26,2100/1/1 12:27
LEAPFROG_0016200.INU.png,2100/1/1 12:27,2100/1/1 12:28
LEAPFROG_0016800.INU.png,2100/1/1 12:28,2100/1/1 12:29
LEAPFROG_0017400.INU.png,2100/1/1 12:29,2100/1/1 12:30
LEAPFROG_0018000.INU.png,2100/1/1 12:30,2100/1/1 12:31
LEAPFROG_0018600.INU.png,2100/1/1 12:31,2100/1/1 12:32
LEAPFROG_0019200.INU.png,2100/1/1 12:32,2100/1/1 12:33
LEAPFROG_0019800.INU.png,2100/1/1 12:33,2100/1/1 12:34
LEAPFROG_0020400.INU.png,2100/1/1 12:34,2100/1/1 12:35
LEAPFROG_0021000.INU.png,2100/1/1 12:35,2100/1/1 12:36
LEAPFROG_0021600.INU.png,2100/1/1 12:36,2100/1/1 12:37
LEAPFROG_0022200.INU.png,2100/1/1 12:37,2100/1/1 12:38
LEAPFROG_0022800.INU.png,2100/1/1 12:38,2100/1/1 12:39
LEAPFROG_0023400.INU.png,2100/1/1 12:39,2100/1/1 12:40
LEAPFROG_0024000.INU.png,2100/1/1 12:40,2100/1/1 12:41
LEAPFROG_0024600.INU.png,2100/1/1 12:41,2100/1/1 12:42
LEAPFROG_0025200.INU.png,2100/1/1 12:42,2100/1/1 12:43
LEAPFROG_0025800.INU.png,2100/1/1 12:43,2100/1/1 12:44
LEAPFROG_0026400.INU.png,2100/1/1 12:44,2100/1/1 12:45
LEAPFROG_0027000.INU.png,2100/1/1 12:45,2100/1/1 12:46
LEAPFROG_0027600.INU.png,2100/1/1 12:46,2100/1/1 12:47
LEAPFROG_0028200.INU.png,2100/1/1 12:47,2100/1/1 12:48
LEAPFROG_0028800.INU.png,2100/1/1 12:48,2100/1/1 12:49
LEAPFROG_0029400.INU.png,2100/1/1 12:49,2100/1/1 12:50
LEAPFROG_0030000.INU.png,2100/1/1 12:50,2100/1/1 12:51
LEAPFROG_0030600.INU.png,2100/1/1 12:51,2100/1/1 12:52
LEAPFROG_0031200.INU.png,2100/1/1 12:52,2100/1/1 12:53
LEAPFROG_0031800.INU.png,2100/1/1 12:53,2100/1/1 12:54
LEAPFROG_0032400.INU.png,2100/1/1 12:54,2100/1/1 12:55
LEAPFROG_0033000.INU.png,2100/1/1 12:55,2100/1/1 12:56
LEAPFROG_0033600.INU.png,2100/1/1 12:56,2100/1/1 12:57
LEAPFROG_0034200.INU.png,2100/1/1 12:57,2100/1/1 12:58
LEAPFROG_0034800.INU.png,2100/1/1 12:58,2100/1/1 12:59
LEAPFROG_0035400.INU.png,2100/1/1 12:59,2100/1/1 13:00
LEAPFROG_0036000.INU.png,2100/1/1 13:00,2100/1/1 13:01
LEAPFROG_0036600.INU.png,2100/1/1 13:01,2100/1/1 13:02
LEAPFROG_0037200.INU.png,2100/1/1 13:02,2100/1/1 13:03
LEAPFROG_0037800.INU.png,2100/1/1 13:03,2100/1/1 13:04
LEAPFROG_0038400.INU.png,2100/1/1 13:04,2100/1/1 13:05
LEAPFROG_0039000.INU.png,2100/1/1 13:05,2100/1/1 13:06
LEAPFROG_0039600.INU.png,2100/1/1 13:06,2100/1/1 13:07
LEAPFROG_0040200.INU.png,2100/1/1 13:07,2100/1/1 13:08
LEAPFROG_0040800.INU.png,2100/1/1 13:08,2100/1/1 13:09
LEAPFROG_0041400.INU.png,2100/1/1 13:09,2100/1/1 13:10
LEAPFROG_0042000.INU.png,2100/1/1 13:10,2100/1/1 13:11
LEAPFROG_0042600.INU.png,2100/1/1 13:11,2100/1/1 13:12
LEAPFROG_0043200.INU.png,2100/1/1 13:12,2100/1/1 13:13
LEAPFROG_0043800.INU.png,2100/1/1 13:13,2100/1/1 13:14
LEAPFROG_0044400.INU.png,2100/1/1 13:14,2100/1/1 13:15
LEAPFROG_0045000.INU.png,2100/1/1 13:15,2100/1/1 13:16
LEAPFROG_0045600.INU.png,2100/1/1 13:16,2100/1/1 13:17
LEAPFROG_0046200.INU.png,2100/1/1 13:17,2100/1/1 13:18
LEAPFROG_0046800.INU.png,2100/1/1 13:18,2100/1/1 13:19
LEAPFROG_0047400.INU.png,2100/1/1 13:19,2100/1/1 13:20
LEAPFROG_0048000.INU.png,2100/1/1 13:20,2100/1/1 13:21
LEAPFROG_0048600.INU.png,2100/1/1 13:21,2100/1/1 13:22
LEAPFROG_0049200.INU.png,2100/1/1 13:22,2100/1/1 13:23
LEAPFROG_0049800.INU.png,2100/1/1 13:23,2100/1/1 13:24
LEAPFROG_0050400.INU.png,2100/1/1 13:24,2100/1/1 13:25
LEAPFROG_0051000.INU.png,2100/1/1 13:25,2100/1/1 13:26
LEAPFROG_0051600.INU.png,2100/1/1 13:26,2100/1/1 13:27
LEAPFROG_0052200.INU.png,2100/1/1 13:27,2100/1/1 13:28
LEAPFROG_0052800.INU.png,2100/1/1 13:28,2100/1/1 13:29
LEAPFROG_0053400.INU.png,2100/1/1 13:29,2100/1/1 13:30
LEAPFROG_0054000.INU.png,2100/1/1 13:30,2100/1/1 13:31
LEAPFROG_0054600.INU.png,2100/1/1 13:31,2100/1/1 13:32
LEAPFROG_0055200.INU.png,2100/1/1 13:32,2100/1/1 13:33
LEAPFROG_0055800.INU.png,2100/1/1 13:33,2100/1/1 13:34
LEAPFROG_0056400.INU.png,2100/1/1 13:34,2100/1/1 13:35
LEAPFROG_0057000.INU.png,2100/1/1 13:35,2100/1/1 13:36
LEAPFROG_0057600.INU.png,2100/1/1 13:36,2100/1/1 13:37
LEAPFROG_0058200.INU.png,2100/1/1 13:37,2100/1/1 13:38
LEAPFROG_0058800.INU.png,2100/1/1 13:38,2100/1/1 13:39
LEAPFROG_0059400.INU.png,2100/1/1 13:39,2100/1/1 13:40
LEAPFROG_0060000.INU.png,2100/1/1 13:40,2100/1/1 13:41
LEAPFROG_0060600.INU.png,2100/1/1 13:41,2100/1/1 13:42
LEAPFROG_0061200.INU.png,2100/1/1 13:42,2100/1/1 13:43
LEAPFROG_0061800.INU.png,2100/1/1 13:43,2100/1/1 13:44
LEAPFROG_0062400.INU.png,2100/1/1 13:44,2100/1/1 13:45
LEAPFROG_0063000.INU.png,2100/1/1 13:45,2100/1/1 13:46
LEAPFROG_0063600.INU.png,2100/1/1 13:46,2100/1/1 13:47
LEAPFROG_0064200.INU.png,2100/1/1 13:47,2100/1/1 13:48
LEAPFROG_0064800.INU.png,2100/1/1 13:48,2100/1/1 13:49
LEAPFROG_0065400.INU.png,2100/1/1 13:49,2100/1/1 13:50
LEAPFROG_0066000.INU.png,2100/1/1 13:50,2100/1/1 13:51
LEAPFROG_0066600.INU.png,2100/1/1 13:51,2100/1/1 13:52
LEAPFROG_0067200.INU.png,2100/1/1 13:52,2100/1/1 13:53
LEAPFROG_0067800.INU.png,2100/1/1 13:53,2100/1/1 13:54
LEAPFROG_0068400.INU.png,2100/1/1 13:54,2100/1/1 13:55
LEAPFROG_0069000.INU.png,2100/1/1 13:55,2100/1/1 13:56
LEAPFROG_0069600.INU.png,2100/1/1 13:56,2100/1/1 13:57
LEAPFROG_0070200.INU.png,2100/1/1 13:57,2100/1/1 13:58
LEAPFROG_0070800.INU.png,2100/1/1 13:58,2100/1/1 13:59
LEAPFROG_0071400.INU.png,2100/1/1 13:59,2100/1/1 14:00
LEAPFROG_0072000.INU.png,2100/1/1 14:00,2100/1/1 14:01
LEAPFROG_0072600.INU.png,2100/1/1 14:01,2100/1/1 14:02
LEAPFROG_0073200.INU.png,2100/1/1 14:02,2100/1/1 14:03
LEAPFROG_0073800.INU.png,2100/1/1 14:03,2100/1/1 14:04
LEAPFROG_0074400.INU.png,2100/1/1 14:04,2100/1/1 14:05
LEAPFROG_0075000.INU.png,2100/1/1 14:05,2100/1/1 14:06
LEAPFROG_0075600.INU.png,2100/1/1 14:06,2100/1/1 14:07
LEAPFROG_0076200.INU.png,2100/1/1 14:07,2100/1/1 14:08
LEAPFROG_0076800.INU.png,2100/1/1 14:08,2100/1/1 14:09
LEAPFROG_0077400.INU.png,2100/1/1 14:09,2100/1/1 14:10
LEAPFROG_0078000.INU.png,2100/1/1 14:10,2100/1/1 14:11
LEAPFROG_0078600.INU.png,2100/1/1 14:11,2100/1/1 14:12
LEAPFROG_0079200.INU.png,2100/1/1 14:12,2100/1/1 14:13
LEAPFROG_0079800.INU.png,2100/1/1 14:13,2100/1/1 14:14
LEAPFROG_0080400.INU.png,2100/1/1 14:14,2100/1/1 14:15
LEAPFROG_0081000.INU.png,2100/1/1 14:15,2100/1/1 14:16
LEAPFROG_0081600.INU.png,2100/1/1 14:16,2100/1/1 14:17
LEAPFROG_0082200.INU.png,2100/1/1 14:17,2100/1/1 14:18
LEAPFROG_0082800.INU.png,2100/1/1 14:18,2100/1/1 14:19
LEAPFROG_0083400.INU.png,2100/1/1 14:19,2100/1/1 14:20
LEAPFROG_0084000.INU.png,2100/1/1 14:20,2100/1/1 14:21
LEAPFROG_0084600.INU.png,2100/1/1 14:21,2100/1/1 14:22
LEAPFROG_0085200.INU.png,2100/1/1 14:22,2100/1/1 14:23
LEAPFROG_0085800.INU.png,2100/1/1 14:23,2100/1/1 14:24
LEAPFROG_0086400.INU.png,2100/1/1 14:24,2100/1/1 14:25
LEAPFROG_0087000.INU.png,2100/1/1 14:25,2100/1/1 14:26
LEAPFROG_0087600.INU.png,2100/1/1 14:26,2100/1/1 14:27
LEAPFROG_0088200.INU.png,2100/1/1 14:27,2100/1/1 14:28
LEAPFROG_0088800.INU.png,2100/1/1 14:28,2100/1/1 14:29
LEAPFROG_0089400.INU.png,2100/1/1 14:29,2100/1/1 14:30
LEAPFROG_0090000.INU.png,2100/1/1 14:30,2100/1/1 14:31
LEAPFROG_0090600.INU.png,2100/1/1 14:31,2100/1/1 14:32
LEAPFROG_0091200.INU.png,2100/1/1 14:32,2100/1/1 14:33
LEAPFROG_0091800.INU.png,2100/1/1 14:33,2100/1/1 14:34
LEAPFROG_0092400.INU.png,2100/1/1 14:34,2100/1/1 14:35
LEAPFROG_0093000.INU.png,2100/1/1 14:35,2100/1/1 14:36
LEAPFROG_0093600.INU.png,2100/1/1 14:36,2100/1/1 14:37
LEAPFROG_0094200.INU.png,2100/1/1 14:37,2100/1/1 14:38
LEAPFROG_0094800.INU.png,2100/1/1 14:38,2100/1/1 14:39
LEAPFROG_0095400.INU.png,2100/1/1 14:39,2100/1/1 14:40
LEAPFROG_0096000.INU.png,2100/1/1 14:40,2100/1/1 14:41
LEAPFROG_0096600.INU.png,2100/1/1 14:41,2100/1/1 14:42
LEAPFROG_0097200.INU.png,2100/1/1 14:42,2100/1/1 14:43
LEAPFROG_0097800.INU.png,2100/1/1 14:43,2100/1/1 14:44
LEAPFROG_0098400.INU.png,2100/1/1 14:44,2100/1/1 14:45
LEAPFROG_0099000.INU.png,2100/1/1 14:45,2100/1/1 14:46
LEAPFROG_0099600.INU.png,2100/1/1 14:46,2100/1/1 14:47
LEAPFROG_0100200.INU.png,2100/1/1 14:47,2100/1/1 14:48
LEAPFROG_0100800.INU.png,2100/1/1 14:48,2100/1/1 14:49
LEAPFROG_0101400.INU.png,2100/1/1 14:49,2100/1/1 14:50
LEAPFROG_0102000.INU.png,2100/1/1 14:50,2100/1/1 14:51
LEAPFROG_0102600.INU.png,2100/1/1 14:51,2100/1/1 14:52
LEAPFROG_0103200.INU.png,2100/1/1 14:52,2100/1/1 14:53
LEAPFROG_0103800.INU.png,2100/1/1 14:53,2100/1/1 14:54
LEAPFROG_0104400.INU.png,2100/1/1 14:54,2100/1/1 14:55
LEAPFROG_0105000.INU.png,2100/1/1 14:55,2100/1/1 14:56
LEAPFROG_0105600.INU.png,2100/1/1 14:56,2100/1/1 14:57
LEAPFROG_0106200.INU.png,2100/1/1 14:57,2100/1/1 14:58
LEAPFROG_0106800.INU.png,2100/1/1 14:58,2100/1/1 14:59
LEAPFROG_0107400.INU.png,2100/1/1 14:59,2100/1/1 15:00
LEAPFROG_0108000.INU.png,2100/1/1 15:00,2100/1/1 15:01
